seccion,LN_total,LN_1839,pct_joven,votos_total,votos_morena,votos_pvem,votos_pan,votos_mc_2024,pct_morena,pct_pvem,pct_pan,ganador_2024,segundo_2024,margen_pct,competitividad,pct_participacion,pct_abstencion,pct_abstencion_joven,itermc,clasificacion,emoji,color_mapa,recomendacion,rank_itermc
875,1680,803,47.8,1205,536,346,181,0,44.5,28.7,15.0,MORENA,PVEM,15.8,84.2,71.7,28.3,38.2,58.1,Segunda etapa,🔸,#FFB366,Trabajo territorial · Fase 2. Potencial joven sólido (47.8%). Incorporar cuando Fase 1 esté operativa.,4
876,1428,812,56.9,1107,371,328,261,0,33.5,29.6,23.6,MORENA,PVEM,3.9,96.1,77.5,22.5,30.3,64.0,Alta prioridad,🟠,#FF8200,Instalar comité seccional · Fase 1. Alta concentración joven (56.9%) y elección 2024 muy competida (margen 3.9%).,1
877,3745,2000,53.4,2464,1309,505,349,0,53.1,20.5,14.2,MORENA,PVEM,32.6,67.4,65.8,34.2,46.2,56.5,Segunda etapa,🔸,#FFB366,Trabajo territorial · Fase 2. Potencial joven sólido (53.4%). Incorporar cuando Fase 1 esté operativa.,6
878,1218,631,51.8,834,441,147,150,0,52.9,17.6,18.0,MORENA,PAN,34.9,65.1,68.5,31.5,42.6,54.2,Segunda etapa,🔸,#FFB366,Trabajo territorial · Fase 2. Potencial joven sólido (51.8%). Incorporar cuando Fase 1 esté operativa.,8
879,1640,820,50.0,1125,616,226,157,0,54.8,20.1,14.0,MORENA,PVEM,34.7,65.3,68.6,31.4,42.4,53.5,Tercer despliegue,⬜,#8B9299,Fase 3. Menor retorno relativo. Concentrar recursos en fases previas primero.,9
880,1026,467,45.5,711,317,198,113,0,44.6,27.8,15.9,MORENA,PVEM,16.7,83.3,69.3,30.7,41.4,57.7,Segunda etapa,🔸,#FFB366,Trabajo territorial · Fase 2. Potencial joven sólido (45.5%). Incorporar cuando Fase 1 esté operativa.,5
881,1115,548,49.1,868,262,233,162,0,30.2,26.8,18.7,MORENA,PVEM,3.3,96.7,77.8,22.2,29.9,61.0,Segunda etapa,🔸,#FFB366,Trabajo territorial · Fase 2. Potencial joven sólido (49.1%). Incorporar cuando Fase 1 esté operativa.,3
882,2061,1194,57.9,1476,701,82,489,0,47.5,5.6,33.1,MORENA,PAN,14.4,85.6,71.6,28.4,38.3,62.7,Alta prioridad,🟠,#FF8200,Instalar comité seccional · Fase 1. Alta concentración joven (57.9%) y elección 2024 muy competida (margen 14.4%).,2
2747,923,436,47.2,647,304,149,119,0,47.0,23.0,18.4,MORENA,PVEM,24.0,76.0,70.1,29.9,40.4,55.6,Segunda etapa,🔸,#FFB366,Trabajo territorial · Fase 2. Potencial joven sólido (47.2%). Incorporar cuando Fase 1 esté operativa.,7
